fips_state_county_code,year,site_name,pop_total_any_ethnicity,pop_adult_any_ethnicity,pop_total_any_ethnicity_17,pop_total_hispanic_any_race,pop_adult_hispanic_any_race,pop_adult_hispanic_17_any_race,pop_total_black_any_ethnicity,pop_adult_black_any_ethnicity,pop_total_black_non_hispanic,pop_adult_black_non_hispanic,pop_adult_black_17_any_ethnicity,pop_adult_black_17_non_hispanic,pop_total_white_any_ethnicity,pop_adult_white_any_ethnicity,pop_total_white_non_hispanic,pop_adult_white_non_hispanic,pop_adult_white_17_any_ethnicity,pop_adult_white_17_non_hispanic,pop_total_AIAN_any_ethnicity,pop_adult_AIAN_any_ethnicity,pop_total_AIAN_non_hispanic,pop_adult_AIAN_non_hispanic,pop_adult_AIAN_17_any_ethnicity,pop_adult_AIAN_17_non_hispanic,pop_total_API_any_ethnicity,pop_adult_API_any_ethnicity,pop_total_API_non_hispanic,pop_adult_API_non_hispanic,pop_adult_API_17_any_ethnicity,pop_adult_API_17_non_hispanic
04019,2010,Pima,981649,756826,770133,340154,224116,230543,44238,30247,35900,25833,31037,26456,859784,671333,551556,466465,682608,471915,44475,29604,25279,17479,30429,17946,33152,25642,28760,22933,26059,23273
04019,2011,Pima,988500,765156,778193,346229,230570,236894,45239,31179,36653,26563,31940,27160,863697,677047,549994,466308,688013,471558,45071,30222,25645,17806,31027,18256,34493,26708,29979,23909,27213,24325
04019,2012,Pima,993231,771246,784087,351658,236337,242749,46199,31942,37381,27201,32701,27775,865833,680917,547397,464899,691678,469906,45659,30713,25903,18044,31531,18472,35540,27674,30892,24765,28177,25185
04019,2013,Pima,997374,776739,789349,357032,242163,248388,46968,32592,37918,27666,33323,28221,867556,684276,544228,462958,694824,467907,46052,31095,26152,18202,31887,18627,36798,28776,32044,25750,29315,26206
04019,2014,Pima,1004521,784129,796689,363277,247982,254352,47946,33304,38604,28207,34026,28745,872070,689376,543131,462805,699896,467596,46477,31583,26372,18407,32367,18820,38028,29866,33137,26728,30400,27176
04019,2015,Pima,1009490,790273,802757,370001,254246,260702,48216,33583,38667,28329,34323,28868,875302,693964,540562,461702,704397,466336,47314,32192,26555,18643,32966,19057,38658,30534,33705,27353,31071,27794
04019,2016,Pima,1017083,798922,811633,376288,260262,266780,49322,34609,39536,29171,35369,29740,880075,700153,539997,462446,710734,467172,47964,32631,26648,18812,33428,19238,39722,31529,34614,28231,32102,28703
04019,2017,Pima,1027115,809751,822875,383198,266856,273869,50600,35720,40491,30051,36539,30651,887305,708509,541381,464855,719397,469465,48722,33154,26765,19021,34018,19475,40488,32368,35280,28968,32921,29415
04019,2018,Pima,1037746,821642,834466,389909,273918,280703,51621,36735,41220,30801,37500,31350,895516,718043,543816,468027,728755,472669,49381,33783,26909,19324,34616,19746,41228,33081,35892,29572,33595,29998
04019,2019,Pima,1049261,833813,846161,396734,280767,287267,52717,37779,42057,31639,38593,32236,904251,727794,546866,471663,738010,476067,50240,34462,27133,19624,35255,20039,42053,33778,36471,30120,34303,30552
04019,2020,Pima,1061175,846409,858621,403247,287503,294081,53836,38924,42916,32530,39675,33075,913566,737858,550681,475772,747979,480020,50973,35204,27307,19982,36017,20400,42800,34423,37024,30622,34950,31045
06037,2010,Los Angeles,9821647,7429043,7578907,4693585,3210550,3299636,969278,723851,860745,656628,740142,670746,7189636,5375441,2832578,2384313,5486647,2413139,169998,120496,27624,22053,123664,22425,1492735,1209255,1407115,1155499,1228454,1172961
06037,2011,Los Angeles,9873700,7505674,7653634,4733086,3264502,3353111,971075,730107,860823,660907,746061,674727,7217555,5421418,2824314,2381838,5531497,2409903,170493,122597,27712,22178,125675,22547,1514577,1231552,1427765,1176249,1250401,1193346
06037,2012,Los Angeles,9931394,7589768,7735002,4768771,3318661,3406096,975229,739188,863199,667781,754521,680974,7245702,5471499,2820488,2383425,5579740,2410842,171503,124841,27971,22465,127884,22825,1538960,1254240,1450965,1197436,1272857,1214265
06037,2013,Los Angeles,9987189,7669437,7811220,4800721,3371638,3457323,978990,747190,865538,673981,761915,686601,7269793,5518467,2815821,2382639,5624171,2409087,171877,126780,28107,22617,129690,22952,1566529,1277000,1477002,1218562,1295444,1235257
06037,2014,Los Angeles,10033449,7738088,7875157,4826917,3417950,3501144,979932,752594,865016,677619,766630,689499,7286881,5557104,2809715,2379658,5659258,2405012,172251,128418,28140,22703,131272,23052,1594385,1299972,1503661,1240158,1317997,1256450
06037,2015,Los Angeles,10077263,7800997,7935185,4850292,3460542,3541606,978702,755962,862572,679240,769727,690922,7301289,5591562,2803356,2376001,5691639,2401281,172385,129755,28145,22768,132561,23113,1624887,1323718,1532898,1262446,1341258,1278263
06037,2016,Los Angeles,10094865,7844956,7975739,4865928,3496350,3575810,975400,757905,857974,679536,771272,690781,7301940,5614686,2790779,2367352,5712512,2391901,172454,130977,28057,22776,133594,23067,1645071,1341388,1552127,1278942,1358361,1294180
06037,2017,Los Angeles,10092365,7870676,8002013,4868179,3522388,3602128,972271,759409,853735,679547,772772,690765,7284007,5623421,2772695,2353653,5721309,2377917,172386,131780,27863,22627,134398,22915,1663701,1356066,1569893,1292461,1373534,1308288
06037,2018,Los Angeles,10061533,7879584,8006926,4858933,3542256,3619727,967686,760246,848463,678964,772899,689479,7251932,5623759,2750533,2336855,5718862,2360450,171624,132110,27597,22462,134583,22740,1670291,1363469,1576007,1299047,1380582,1314530
06037,2019,Los Angeles,10011602,7871889,7993326,4841453,3553727,3628316,962930,760032,842920,677530,771847,687272,7204937,5611482,2722894,2315370,5702712,2337905,171776,132266,27237,22224,134748,22490,1671959,1368109,1577098,1303038,1384019,1317343
06037,2020,Los Angeles,9943046,7843569,7963961,4822226,3561475,3635244,958368,758393,837431,674945,769968,684477,7143346,5584357,2682988,2282344,5674604,2304719,172013,132266,26868,21976,134714,22222,1669319,1368553,1573533,1302829,1384675,1317299
06075,2010,San Francisco,805519,697834,703788,121992,97586,98927,56127,45771,50714,41843,46445,42433,454849,401266,351373,317565,403624,318828,8602,7027,2526,2223,7115,2238,285941,243770,278914,238617,246604,241362
06075,2011,San Francisco,815694,706233,712210,124030,98985,100286,55547,45326,50116,41390,45984,41969,459890,404515,354459,319479,406873,320765,8642,7065,2540,2229,7141,2244,291615,249327,284549,244150,252212,246946
06075,2012,San Francisco,828963,717708,723663,126590,101009,102325,55049,44989,49574,41013,45633,41570,467416,410273,359665,323412,412593,324653,8676,7085,2567,2240,7164,2255,297822,255361,290567,250034,258273,252860
06075,2013,San Francisco,839695,726899,732582,128173,102277,103508,55005,44987,49448,40921,45569,41434,472020,413553,362844,325577,415773,326808,8657,7087,2552,2223,7172,2234,304013,261272,296678,255901,264068,258598
06075,2014,San Francisco,850918,736675,742336,129496,103316,104566,54757,44799,49183,40699,45371,41201,476926,417197,366434,328233,419476,329498,8539,7025,2528,2195,7104,2208,310696,267654,303277,262232,270385,264863
06075,2015,San Francisco,863237,747338,752778,131123,104585,105774,54679,44707,49065,40528,45257,40992,482284,421266,370385,331229,423515,332539,8501,6986,2539,2183,7065,2202,317773,274379,310125,268813,276941,271271
06075,2016,San Francisco,871343,754286,759740,132326,105298,106515,54671,44735,48981,40494,45298,40983,484572,422487,371671,331892,424827,333247,8416,6950,2496,2157,7026,2168,323684,280114,315869,274445,282589,276827
06075,2017,San Francisco,877471,759469,765265,133161,106012,107290,55041,45132,49176,40740,45744,41272,485304,422543,371919,331518,425026,332978,8428,6954,2488,2134,7029,2146,328698,284840,320727,279065,287466,281579
06075,2018,San Francisco,879676,761819,767585,133569,106393,107681,55221,45391,49351,40968,45958,41451,484798,421727,371003,330358,424267,331863,8342,6894,2468,2110,6967,2120,331315,287807,323285,281990,290393,284470
06075,2019,San Francisco,878826,761456,766861,133308,106280,107508,55185,45505,49283,41023,46074,41524,481797,418864,368287,327640,421364,329135,8305,6831,2449,2089,6893,2101,333539,290256,325499,284424,292530,286593
06075,2020,San Francisco,866606,750021,755762,131965,105099,106397,54652,45137,48747,40670,45707,41166,470904,408578,358570,318348,411270,319984,8102,6663,2369,2044,6734,2057,332948,289643,324955,283860,292051,286158
12099,2010,Palm Beach,1323631,1054827,1071064,252693,181754,185690,242082,167649,229829,159679,172196,164001,1036125,853149,804387,685396,864239,692906,8934,6291,2453,1770,6416,1803,36490,27738,34269,26228,28213,26664
12099,2011,Palm Beach,1336875,1067551,1084062,260578,188457,192444,248924,173334,236005,165022,177892,169369,1041592,859225,802544,685100,870545,692763,8771,6257,2479,1805,6383,1845,37588,28735,35269,27167,29242,27641
12099,2012,Palm Beach,1355149,1084874,1101463,270154,196558,200685,257387,180565,243528,171703,185158,176078,1050125,868156,802503,686540,879521,694115,8811,6349,2513,1860,6471,1900,38826,29804,36451,28213,30313,28685
12099,2013,Palm Beach,1376782,1104607,1120832,278446,203096,207258,266307,187940,251740,178671,192197,182703,1061488,879321,806428,691681,890630,699181,8846,6420,2530,1904,6545,1939,40141,30926,37638,29255,31460,29751
12099,2014,Palm Beach,1399064,1124450,1140971,288406,211288,215639,273644,193833,258271,184092,198331,188325,1074669,891707,810593,696478,903063,703867,8934,6549,2597,1969,6669,2005,41817,32361,39197,30623,32908,31135
12099,2015,Palm Beach,1424772,1146845,1163399,300165,220980,225432,281474,200337,265183,189926,204883,194202,1090638,905961,815847,701792,917268,709053,8990,6602,2625,1993,6731,2023,43670,33945,40952,32154,34517,32689
12099,2016,Palm Beach,1451469,1170013,1186820,312952,231467,236017,289215,206784,272090,195801,211446,200196,1107409,920847,820889,706951,932331,714279,9105,6728,2655,2002,6862,2046,45740,35654,42883,33792,36181,34282
12099,2017,Palm Beach,1470583,1187425,1204615,325248,241763,246577,296139,212586,278215,201125,217492,205729,1117928,931069,820196,707565,942633,714754,9290,6911,2669,2032,7071,2089,47226,36859,44255,34940,37419,35466
12099,2018,Palm Beach,1482833,1200139,1217086,335025,250441,255220,301404,217676,282766,205716,222452,210199,1123414,937308,816813,705751,948725,712827,9417,7050,2696,2089,7194,2130,48598,38105,45533,36142,38715,36710
12099,2019,Palm Beach,1497800,1214391,1231104,344719,258731,263552,306737,222682,287328,210191,227304,214512,1131609,945273,816410,706149,956614,713139,9541,7178,2688,2108,7348,2156,49913,39258,46655,37212,39838,37745
12099,2020,Palm Beach,1507600,1223912,1240105,353090,265636,270292,310365,226534,290396,213635,230991,217842,1136781,950016,814018,704563,961004,711290,9647,7286,2661,2119,7433,2163,50807,40076,47435,37959,40677,38518
16001,2010,Ada,393369,289671,295093,28091,17168,17635,6037,3311,5418,2990,3433,3102,371318,275039,345842,259364,280091,263994,3897,2760,2473,1898,2823,1932,12117,8561,11545,8251,8746,8430
16001,2011,Ada,401352,296768,302320,29114,18040,18559,6238,3491,5631,3179,3638,3314,378368,281330,351927,264807,286505,269511,3999,2807,2497,1916,2863,1945,12747,9140,12183,8826,9314,8991
16001,2012,Ada,409032,303665,309244,30225,18918,19476,6358,3590,5707,3247,3734,3374,385470,287746,358004,270378,292941,275069,4038,2824,2487,1925,2881,1957,13166,9505,12609,9197,9688,9368
16001,2013,Ada,416180,310418,316217,31350,19808,20406,6575,3723,5924,3389,3865,3521,392048,294053,363468,275793,299446,280641,4048,2848,2505,1966,2914,2004,13509,9794,12933,9462,9992,9645
16001,2014,Ada,425774,318816,324677,32934,21001,21591,6939,3962,6257,3619,4128,3771,400770,301828,370717,282433,307252,287316,4156,2928,2533,2012,2990,2048,13909,10098,13333,9751,10307,9951
16001,2015,Ada,433254,325496,331592,34103,21901,22536,7340,4257,6644,3889,4425,4044,407279,307757,376136,287514,313383,292565,4215,2950,2563,2034,3019,2071,14420,10532,13808,10158,10765,10376
16001,2016,Ada,444929,336091,342554,35895,23340,23994,7704,4544,6951,4144,4729,4313,417548,317208,384764,295624,323144,300964,4339,3067,2632,2105,3140,2147,15338,11272,14687,10878,11541,11136
16001,2017,Ada,456994,347062,353623,37757,24890,25588,8041,4853,7251,4418,5041,4593,428582,327230,394139,304249,333280,309656,4486,3206,2666,2161,3264,2191,15885,11773,15181,11344,12038,11595
16001,2018,Ada,469161,358365,364982,39348,26228,26893,8405,5133,7605,4693,5328,4878,439712,337628,403708,313336,343719,318819,4570,3303,2735,2240,3373,2278,16474,12301,15765,11868,12562,12114
16001,2019,Ada,481880,370285,376768,41347,27823,28503,8805,5460,7941,4992,5653,5167,451264,348489,413464,322745,354482,328116,4737,3444,2829,2318,3497,2341,17074,12892,16299,12407,13136,12641
16001,2020,Ada,494399,382156,388907,43280,29465,30172,9117,5766,8179,5255,5911,5386,462675,359391,423126,332127,365695,337776,4841,3517,2912,2366,3579,2403,17766,13482,16902,12943,13722,13170
17031,2010,Cook,5198977,3968560,4042100,1247865,825135,846754,1333724,964208,1286627,936341,989603,960813,3465647,2693325,2315696,1928804,2736796,1952482,47194,31940,10154,7773,32740,7910,352412,279087,338635,270507,282961,274141
17031,2011,Cook,5219636,3998421,4070768,1263134,840358,862218,1329721,970449,1282252,942003,995118,965789,3478042,2706584,2313231,1927927,2749622,1950865,47083,32327,10130,7783,33110,7920,364790,289061,350889,280350,292918,283976
17031,2012,Cook,5239105,4027102,4097934,1275470,854020,875937,1327373,976805,1279322,947703,1000022,970042,3488287,2719204,2311954,1928191,2762025,1950907,47162,32826,10117,7794,33667,7940,376283,298267,362242,289394,302220,293108
17031,2013,Cook,5252513,4052750,4120728,1285999,867349,889186,1321494,980297,1272878,950673,1001589,971097,3495144,2730731,2308991,1927539,2772579,1949362,47007,33254,10099,7833,34079,7968,388868,308468,374546,299356,312481,303115
17031,2014,Cook,5254108,4065806,4132434,1294837,879422,901126,1314708,981109,1265656,951024,1001837,970853,3493452,2733854,2299072,1919722,2775036,1941053,46956,33772,10043,7851,34556,7951,398992,317071,384500,307787,321005,311451
17031,2015,Cook,5243371,4066513,4132186,1301713,889462,911380,1306221,979625,1256888,949157,999589,968209,3482390,2728203,2281595,1905033,2769074,1925817,46906,34150,9953,7781,34922,7889,407854,324535,393222,315080,328601,318891
17031,2016,Cook,5223386,4061229,4125718,1306348,898460,920526,1294896,975909,1245113,944911,995109,963185,3467437,2720617,2262391,1889449,2761118,1909754,46604,34383,9782,7677,35193,7798,414449,330320,399752,320732,334298,324455
17031,2017,Cook,5199582,4053876,4118650,1308031,906476,929167,1280028,969289,1230047,937832,988143,955718,3449893,2712366,2243171,1873975,2753285,1894087,46340,34636,9750,7674,35423,7795,423321,337585,408583,327919,341799,331883
17031,2018,Cook,5171007,4042586,4106100,1308966,914392,936942,1268358,964111,1217913,932083,982166,949180,3427522,2700929,2220229,1855564,2741352,1875300,46060,34829,9724,7659,35598,7768,429067,342717,414175,332888,346984,336910
17031,2019,Cook,5145326,4033560,4095320,1309275,921772,944090,1259794,961309,1209033,928762,978488,944973,3406041,2690651,2199085,1838685,2730143,1857795,46236,34980,9666,7625,35797,7730,433255,346620,418267,336716,350892,340732
17031,2020,Cook,5108284,4013243,4074585,1309539,929368,951987,1249846,956522,1198624,923508,973199,939173,3377153,2673085,2170599,1814170,2712627,1833084,46266,34988,9556,7532,35777,7626,435019,348648,419966,338665,352982,342715
17097,2010,Lake,704179,512160,523876,140542,86878,89500,54376,36397,50001,34061,37557,35135,593966,436644,464900,356368,446388,363704,6774,4289,1422,1039,4408,1062,49063,34830,47314,33814,35523,34475
17097,2011,Lake,701652,513209,524913,141401,87649,90374,53920,36418,49508,34079,37489,35067,590822,436711,460897,355688,446492,362977,6707,4281,1394,1018,4415,1037,50203,35799,48452,34775,36517,35458
17097,2012,Lake,702117,517470,529082,142469,88863,91663,54258,37146,49760,34720,38146,35635,589293,438619,458387,356596,448343,363750,6700,4398,1436,1073,4540,1097,51866,37307,50065,36218,38053,36937
17097,2013,Lake,704259,522407,533731,143796,90282,92979,55169,38103,50513,35573,39106,36488,588911,441116,456872,357889,450555,364863,6735,4526,1466,1113,4655,1135,53444,38662,51612,37550,39415,38266
17097,2014,Lake,704359,524860,536148,145302,91733,94518,55579,38515,50872,35919,39523,36828,586845,441618,453446,357147,450985,363980,6786,4633,1494,1133,4776,1156,55149,40094,53245,38928,40864,39666
17097,2015,Lake,704687,527978,539079,147199,93620,96468,55649,38807,50814,36127,39787,36997,585095,442656,450026,356520,451859,363125,6803,4708,1456,1109,4844,1131,57140,41807,55192,40602,42589,41358
17097,2016,Lake,704401,529693,540720,149410,95658,98600,55878,39157,50932,36391,40118,37242,582684,442423,445553,354464,451585,360945,6812,4814,1482,1124,4947,1138,59027,43299,57024,42056,44070,42795
17097,2017,Lake,702825,530804,541989,151631,97909,101013,56121,39531,50933,36621,40533,37514,578992,441544,439967,351633,450727,357975,6797,4905,1459,1109,5051,1131,60915,44824,58835,43532,45678,44356
17097,2018,Lake,700455,531223,542167,153699,100249,103357,56161,39739,50846,36722,40699,37568,574818,440280,433930,348253,449211,354358,6836,5014,1446,1106,5153,1124,62640,46190,60534,44893,47104,45760
17097,2019,Lake,697134,530770,541468,155454,102252,105418,56075,39928,50641,36802,40833,37588,570436,438662,428088,344907,447377,350753,6924,5108,1418,1087,5266,1106,63699,47072,61533,45722,47992,46603
17097,2020,Lake,693593,529909,540568,157296,104559,107711,56254,40214,50700,36993,41113,37790,565350,436381,421521,340582,445005,346330,7082,5234,1393,1077,5376,1098,64907,48080,62683,46698,49074,47639
22033,2010,East Baton Rouge,440937,337276,343327,16353,12224,12438,202787,141858,201168,140798,145362,144275,223241,183797,209256,173218,186190,175431,1488,1129,1045,785,1146,798,13421,10492,13115,10251,10629,10385
22033,2011,East Baton Rouge,441627,339048,344905,16255,12073,12241,204511,144093,202869,143030,147589,146505,221844,183037,207941,172577,185250,174645,1422,1089,1030,783,1109,802,13850,10829,13532,10585,10957,10712
22033,2012,East Baton Rouge,443075,341098,346774,16481,12073,12251,206415,146485,204732,145423,149791,148713,221189,182566,207126,172094,184764,174138,1412,1086,1010,782,1108,800,14059,10961,13726,10726,11111,10872
22033,2013,East Baton Rouge,444345,342425,347959,16772,12182,12384,207857,147960,206119,146884,151184,150088,220578,182097,206260,171509,184244,173479,1453,1114,1057,829,1130,841,14457,11254,14137,11021,11401,11167
22033,2014,East Baton Rouge,445334,343290,348832,16883,12083,12289,209292,149411,207483,148306,152691,151565,219916,181346,205581,170886,183432,172795,1440,1122,1071,853,1141,867,14686,11411,14316,11162,11568,11316
22033,2015,East Baton Rouge,445776,343559,349115,17480,12320,12510,209503,149644,207538,148497,152854,151680,219550,180961,204814,170298,183116,172295,1441,1120,1083,863,1141,881,15282,11834,14861,11581,12004,11749
22033,2016,East Baton Rouge,447020,344780,350396,18160,12573,12806,210774,150979,208613,149767,154235,153001,219219,180578,203978,169699,182751,171668,1447,1110,1057,851,1130,866,15580,12113,15212,11890,12280,12055
22033,2017,East Baton Rouge,444848,343262,348984,18379,12490,12687,210570,151404,208356,150245,154838,153663,217108,178553,201721,167689,180658,169618,1445,1094,1032,839,1110,853,15725,12211,15360,11999,12378,12163
22033,2018,East Baton Rouge,442720,342222,347784,18798,12527,12755,210681,152207,208351,151047,155483,154294,214680,176596,199008,165668,178701,167581,1415,1057,1038,835,1076,849,15944,12362,15525,12145,12524,12305
22033,2019,East Baton Rouge,441471,341205,346737,19389,12715,12971,211131,152911,208708,151720,156186,154965,212818,174739,196648,163641,176784,165462,1376,1042,1039,846,1060,864,16146,12513,15687,12283,12707,12475
22033,2020,East Baton Rouge,439729,340451,345864,19754,12852,13064,211333,153785,208799,152567,156961,155715,210931,173049,194464,161825,175066,163662,1376,1069,1040,858,1081,867,16089,12548,15672,12349,12756,12556
22071,2010,New Orleans,347789,274018,278540,18235,14801,14955,214243,157853,210535,155112,161436,158652,121027,105956,107413,94647,106740,95330,1578,1302,1019,827,1327,845,10941,8907,10587,8631,9037,8758
22071,2011,New Orleans,360822,285131,289556,18956,15251,15426,222575,165121,218736,162290,168622,165744,125317,109438,111119,97758,110212,98412,1542,1280,990,821,1301,838,11388,9292,11021,9011,9421,9136
22071,2012,New Orleans,369947,293069,297168,19520,15542,15706,227875,169906,223940,167093,173090,170230,128789,112323,114175,100347,113081,100995,1607,1319,1024,853,1330,862,11676,9521,11288,9234,9667,9375
22071,2013,New Orleans,378863,300937,304942,20410,16018,16185,233192,174840,229013,171906,177929,174943,132132,115002,116934,102713,115786,103388,1680,1361,1037,862,1376,873,11859,9734,11469,9438,9851,9553
22071,2014,New Orleans,384228,305663,309521,20585,16033,16201,235984,177492,231666,174532,180492,177488,134523,116931,119313,104639,117641,105234,1679,1336,1038,868,1347,874,12042,9904,11626,9591,10041,9724
22071,2015,New Orleans,390094,310682,314709,21012,16193,16346,238831,180221,234378,177198,183300,180228,137189,118895,121681,106494,119687,107188,1684,1333,1039,870,1352,884,12390,10233,11984,9927,10370,10063
22071,2016,New Orleans,392265,313081,317224,21244,16242,16397,239540,181565,234987,178526,184730,181660,138514,119820,122847,107340,120656,108066,1666,1315,1043,887,1337,896,12545,10381,12144,10086,10501,10205
22071,2017,New Orleans,391819,313107,317212,21293,15993,16159,239521,182295,234994,179353,185486,182505,138165,119161,122446,106833,119942,107492,1702,1328,1057,893,1338,899,12431,10323,12029,10035,10446,10157
22071,2018,New Orleans,391506,313233,317330,21551,16088,16269,239234,182830,234714,179928,185990,183033,138162,118802,122177,106318,119602,107000,1718,1320,1053,884,1336,895,12392,10281,12011,10015,10402,10133
22071,2019,New Orleans,391172,313590,317545,21487,15935,16127,238532,183208,234016,180332,186250,183320,138453,118692,122546,106338,119483,106999,1731,1334,1065,905,1353,919,12456,10356,12058,10080,10459,10180
22071,2020,New Orleans,389476,312915,316874,21664,15974,16165,236708,182581,232148,179675,185605,182648,138514,118593,122479,106223,119385,106881,1722,1331,1055,905,1348,919,12532,10410,12130,10138,10536,10261
29189,2010,St. Louis,998846,765394,780430,24978,16241,16646,240321,167266,238223,166066,172234,170993,717143,567860,695482,553527,577409,562732,3174,2207,2400,1764,2261,1804,38208,28061,37763,27796,28526,28255
29189,2011,St. Louis,1000147,769344,784242,25244,16395,16796,241751,169648,239637,168455,174413,173176,715615,568288,693649,553743,577849,562967,3116,2173,2391,1759,2228,1801,39665,29235,39226,28992,29752,29502
29189,2012,St. Louis,1000975,772845,787224,25695,16687,17116,243515,172041,241352,170841,176403,175147,713745,568677,691322,553822,578130,562918,3058,2111,2363,1717,2162,1755,40657,30016,40243,29778,30529,30288
29189,2013,St. Louis,1000746,775241,789042,26359,17103,17522,245107,174105,242912,172882,178203,176933,711165,568293,688053,553000,577407,561757,3018,2083,2361,1725,2131,1761,41456,30760,41061,30531,31301,31069
29189,2014,St. Louis,1000903,777107,790678,26882,17572,18009,246290,175586,244025,174348,179706,178423,708643,567464,685118,551714,576310,560191,3064,2096,2372,1735,2156,1778,42906,31961,42506,31738,32506,32277
29189,2015,St. Louis,1001585,778487,792162,27705,18061,18494,248546,177580,246264,176358,181821,180555,705254,565435,680868,549128,574235,557558,3079,2121,2424,1792,2169,1825,44706,33351,44324,33148,33937,33730
29189,2016,St. Louis,998393,776815,790176,28203,18397,18870,250143,179281,247809,178057,183330,182059,699481,561205,674621,544570,569877,552827,3029,2114,2376,1776,2158,1814,45740,34215,45384,34015,34811,34606
29189,2017,St. Louis,997116,776670,790180,28887,18843,19368,252225,181022,249861,179803,185330,184059,694215,557761,668736,540678,566291,548756,3056,2141,2377,1797,2187,1830,47620,35746,47255,35549,36372,36167
29189,2018,St. Louis,995900,776201,789498,29330,19121,19630,254198,182725,251761,181482,186923,185633,689477,554350,663613,537002,562740,544951,3114,2194,2437,1845,2252,1887,49111,36932,48759,36751,37583,37397
29189,2019,St. Louis,995467,776828,789388,29921,19562,20049,256242,184516,253728,183243,188439,187118,685440,551877,659033,534077,559823,541606,3124,2206,2460,1880,2252,1910,50661,38229,50325,38066,38874,38705
29189,2020,St. Louis,994020,775882,788628,30638,20111,20657,257400,185593,254877,184323,189511,188188,681474,548675,654352,530331,556723,537901,3099,2195,2424,1862,2250,1906,52047,39419,51729,39255,40144,39976
30063,2010,Missoula,109471,87659,88895,2924,1952,2007,791,472,700,412,483,420,103572,83560,101207,81969,84707,83071,3508,2397,3097,2142,2452,2190,1600,1230,1543,1184,1253,1207
30063,2011,Missoula,110270,88459,89690,3041,2046,2093,945,605,845,536,621,549,104099,84103,101620,82412,85237,83508,3497,2406,3099,2171,2462,2221,1729,1345,1665,1294,1370,1319
30063,2012,Missoula,111104,89393,90584,3160,2104,2150,929,603,831,540,611,548,104776,84938,102212,83185,86042,84251,3602,2439,3171,2205,2491,2249,1797,1413,1730,1359,1440,1386
30063,2013,Missoula,111988,90257,91502,3277,2191,2244,931,603,841,541,615,550,105347,85537,102694,83710,86672,84802,3656,2441,3193,2198,2494,2245,2054,1676,1983,1617,1721,1661
30063,2014,Missoula,112924,91089,92237,3439,2293,2347,994,628,882,557,650,575,106012,86181,103251,84261,87236,85274,3771,2503,3277,2259,2550,2298,2147,1777,2075,1719,1801,1743
30063,2015,Missoula,114281,92249,93417,3565,2413,2463,1009,636,903,566,666,591,107241,87223,104355,85199,88285,86222,3833,2554,3340,2297,2607,2346,2198,1836,2118,1774,1859,1795
30063,2016,Missoula,116587,94134,95342,3710,2560,2615,1026,664,922,591,687,612,109273,88834,106244,86680,89940,87746,3904,2631,3413,2368,2688,2414,2384,2005,2298,1935,2027,1955
30063,2017,Missoula,118068,95560,96785,3927,2747,2807,1065,684,935,596,705,615,110738,90177,107508,87869,91279,88927,3795,2603,3321,2333,2674,2391,2470,2096,2377,2015,2127,2045
30063,2018,Missoula,118959,96681,97934,4003,2833,2897,1077,699,948,612,717,629,111511,91174,108210,88776,92326,89877,3839,2652,3363,2381,2714,2431,2532,2156,2435,2079,2177,2100
30063,2019,Missoula,120066,97898,99121,4176,2999,3054,1110,716,984,634,729,646,112333,92144,108900,89618,93266,90692,3955,2771,3445,2465,2836,2524,2668,2267,2561,2182,2290,2205
30063,2020,Missoula,121630,99391,100621,4474,3205,3272,1182,775,1055,694,796,711,113596,93387,109923,90687,94508,91761,4076,2886,3527,2559,2950,2608,2776,2343,2651,2246,2367,2269
32003,2010,Clark,1952640,1465270,1492000,569940,364436,374713,237180,164725,213808,151361,168960,155151,1479881,1119944,964315,788024,1139320,798152,26547,18416,10727,8191,18862,8342,209032,162185,193850,153258,164858,155642
32003,2011,Clark,1962162,1477901,1504559,578468,372833,383343,241082,168381,217133,154573,172645,158368,1480705,1124242,957701,784869,1143407,794631,26698,18647,10690,8201,19124,8360,213677,166631,198170,157425,169383,159857
32003,2012,Clark,1989644,1505671,1532540,590643,384597,395234,249620,175746,224846,161288,179983,165038,1492860,1138210,959266,788466,1157563,798264,27254,19254,10922,8454,19716,8619,219910,172461,203967,162866,175278,165385
32003,2013,Clark,2017798,1531806,1558345,604971,397043,407773,256009,180750,230319,165641,184739,169168,1505777,1151342,959691,790533,1170484,800019,27673,19710,11030,8581,20167,8738,228339,180004,211787,170008,182955,172647
32003,2014,Clark,2053929,1563164,1589829,620483,410137,421007,265407,187576,238823,171889,191667,175502,1523300,1167414,963792,795010,1186628,804482,28487,20377,11218,8757,20846,8904,236735,187797,219613,177371,190688,179934
32003,2015,Clark,2097832,1599338,1626186,640114,426100,437341,277859,196042,249837,179492,200197,183129,1544604,1186254,968291,799816,1205599,809081,29400,21158,11516,8976,21660,9137,245969,195884,228074,184954,198730,187498
32003,2016,Clark,2140240,1634329,1662023,658569,441357,452949,291410,205346,262048,187962,209783,191839,1563141,1202954,971120,803123,1222768,812540,30307,21950,11785,9237,22404,9374,255382,204079,236718,192650,207068,195321
32003,2017,Clark,2183273,1671279,1699748,677213,457265,469211,305717,215491,274784,197143,220115,201220,1581324,1220510,973606,806709,1240755,816232,31253,22710,12082,9477,23206,9656,264979,212568,245588,200685,215672,203429
32003,2018,Clark,2228970,1711321,1739976,697123,474693,486858,319260,225136,286613,205790,229795,209846,1603740,1242445,979452,813370,1262746,822806,32315,23601,12476,9861,24090,10025,273655,220139,253306,207607,223345,210441
32003,2019,Clark,2275884,1753398,1781916,718043,492879,504998,331438,234277,297092,213900,239060,218053,1626600,1265147,984971,820086,1285239,829399,33452,24402,12724,10117,24878,10269,284394,229572,263054,216416,232739,219197
32003,2020,Clark,2315963,1790559,1819565,736823,510345,522794,341915,243142,306229,221764,248009,225962,1644975,1283996,987393,823520,1304367,832830,34325,24982,12877,10242,25459,10392,294748,238439,272641,224688,241730,227587
36005,2010,New York City,1386929,1019182,1042143,743986,523094,536889,632908,456941,430940,319937,468093,327062,640437,479661,154868,132486,489582,133763,48560,33474,4998,3486,34398,3565,65024,49106,52137,40179,50070,40864
36005,2011,New York City,1396954,1029796,1052391,755602,534679,548350,637708,462543,431703,321439,473505,328408,644362,482971,151837,129407,492722,130593,49075,34290,5017,3498,35247,3588,65809,49992,52795,40773,50917,41452
36005,2012,New York City,1411087,1044884,1066658,770363,549260,562463,643482,469276,432411,323566,479829,330262,651010,489407,149552,126962,498814,128099,49625,35147,4999,3515,36042,3600,66970,51054,53762,41581,51973,42234
36005,2013,New York City,1421498,1056828,1077560,781047,560616,573329,650344,476908,434212,326738,486761,332889,653276,492207,146671,123764,501291,124887,49991,35878,5045,3586,36745,3665,67887,51835,54523,42124,52763,42790
36005,2014,New York City,1430474,1066518,1086437,789974,570082,582068,655743,482294,435526,328572,491929,334638,655295,494772,144359,121306,503341,122404,50402,36625,5099,3660,37427,3737,69034,52827,55516,42898,53740,43590
36005,2015,New York City,1439480,1074564,1094489,798593,577386,589423,660183,487397,436443,330506,496960,336560,658010,495974,142347,118970,504643,120071,50635,37105,5188,3740,37932,3829,70652,54088,56909,43962,54954,44606
36005,2016,New York City,1443678,1079612,1099297,804363,583445,595388,663548,491212,436033,331104,500646,336997,656856,495497,139918,116455,504047,117532,51124,37738,5166,3760,38533,3846,72150,55165,58198,44848,56071,45534
36005,2017,New York City,1439956,1079469,1099166,803964,585150,597117,661878,491459,432659,329521,500845,335342,653709,494007,138760,115307,502588,116409,51089,37963,5169,3791,38758,3883,73280,56040,59404,45700,56975,46415
36005,2018,New York City,1432316,1076432,1095925,802667,586441,598220,658842,491159,428514,327509,500512,333326,648697,490649,135930,112469,499059,113540,50788,38024,5132,3804,38798,3889,73989,56600,60073,46209,57556,46950
36005,2019,New York City,1418187,1068755,1087952,797009,584416,596121,653855,488774,423782,325005,497936,330652,639393,485241,131869,108989,493525,110009,50656,37865,5085,3785,38677,3877,74283,56875,60442,46560,57814,47293
36005,2020,New York City,1401142,1057386,1075799,790820,580733,591909,647339,484133,417370,320846,492924,326184,629398,478939,127816,105545,486880,106635,50365,37556,4945,3703,38289,3792,74040,56758,60191,46559,57706,47279
36047,2010,New York City,2509954,1914684,1948775,496629,360188,368234,936883,704123,821291,622974,719272,636012,1259835,969974,912053,714285,984670,723618,30758,21820,6686,4871,22339,4972,282478,218767,273295,212366,222494,215939
36047,2011,New York City,2540918,1939946,1973373,501396,364626,372428,941185,710383,823976,628242,724901,640816,1275222,980418,924421,721566,995116,730952,30830,22006,6753,4929,22515,5033,293681,227139,284372,220583,230841,224144
36047,2012,New York City,2568538,1964764,1997851,502872,367430,375121,942640,715026,824639,632294,729152,644516,1289681,991961,938339,730941,1006614,740354,31099,22125,6888,5034,22622,5135,305118,235652,295800,229065,239463,232725
36047,2013,New York City,2587759,1982369,2014127,502911,368735,376004,942024,718470,823301,635450,731655,646824,1299516,998663,948851,736791,1012832,746036,31148,22292,6935,5060,22787,5156,315071,242944,305761,236333,246853,240107
36047,2014,New York City,2601527,1995608,2026318,501939,369126,376020,938624,719524,819833,636387,732002,647212,1307277,1003210,957419,741058,1017165,750280,31017,22355,6994,5110,22823,5198,324609,250519,315342,243927,254328,247608
36047,2015,New York City,2608797,2003168,2033136,499523,368302,375025,932706,717962,814012,634977,730163,645484,1312092,1005678,964239,744101,1019323,753180,30751,22337,7050,5172,22779,5268,333248,257191,323973,250616,260871,254179
36047,2016,New York City,2608146,2005531,2034914,496338,367174,373813,923974,714718,805890,631946,726630,642163,1313148,1005376,967431,744585,1018985,753688,30532,22375,7120,5244,22778,5324,340492,263062,331367,256582,266521,259926
36047,2017,New York City,2594357,1998059,2027709,490907,364368,370989,913231,709964,796125,627586,721922,637858,1307983,1000774,966129,742006,1014474,751224,30015,22067,7098,5252,22482,5334,343128,265254,334098,258847,268831,262304
36047,2018,New York City,2580088,1991656,2020784,486466,362729,369228,901566,704468,785624,622542,715843,632251,1305764,999070,966675,741249,1012883,750669,29664,21894,7086,5231,22322,5321,343094,266224,334237,259905,269736,263315
36047,2019,New York City,2562329,1981359,2009445,481281,359846,366101,891630,698239,776809,616872,708970,625994,1298804,994693,963469,738938,1008327,748372,29430,21756,7080,5269,22179,5356,342465,266671,333690,260434,269969,263622
36047,2020,New York City,2538934,1965884,1993995,476368,356910,363091,880635,688979,767260,608532,699404,617378,1287277,988120,955158,734045,1001947,743709,29107,21469,6978,5222,21877,5306,341915,267316,333170,261175,270767,264511
36061,2010,New York City,1589041,1354097,1367179,405002,316734,322720,310231,245792,215921,174641,250205,177443,1061836,920311,778603,695404,927443,698631,22536,17118,3293,2676,17499,2715,194438,170876,186222,164642,172032,165670
36061,2011,New York City,1608717,1372040,1384899,411388,323871,329643,313355,249679,217451,176626,253952,179358,1072602,929563,784941,699853,936567,703080,22781,17403,3358,2720,17756,2750,199979,175395,191579,168970,176624,170068
36061,2012,New York City,1624573,1386487,1399060,417952,330991,336369,315252,251916,218038,177432,255837,179978,1081600,937465,789088,702513,944495,705968,23029,17706,3414,2772,18039,2798,204692,179400,196081,172779,180689,173947
36061,2013,New York City,1628379,1390279,1402100,420620,334394,339512,315784,252890,217480,177325,256521,179633,1083182,938780,789365,701915,945408,705142,23290,18051,3509,2839,18381,2871,206123,180558,197405,173806,181790,174942
36061,2014,New York City,1631733,1394123,1405887,422076,336922,341907,315006,252934,216657,177108,256541,179375,1083846,939619,788895,700871,946190,704205,23360,18265,3475,2802,18593,2834,209521,183305,200630,176420,184563,177566
36061,2015,New York City,1637327,1399235,1410586,424152,339365,344016,315556,254011,216384,177257,257379,179410,1084117,939372,787999,699350,945836,702735,23550,18545,3518,2834,18834,2871,214104,187307,205274,180429,188537,181554
36061,2016,New York City,1636721,1400145,1411597,423447,339909,344490,314453,253713,215042,176609,257081,178751,1081773,937869,786525,697719,944343,701212,23379,18521,3452,2812,18818,2843,217116,190042,208255,183096,191355,184301
36061,2017,New York City,1632337,1397893,1409366,420683,338777,343375,312201,252567,213435,175690,255905,177789,1077749,934916,784587,695666,941468,699230,23275,18497,3490,2848,18797,2878,219112,191913,210142,184912,193196,186094
36061,2018,New York City,1632393,1398755,1410024,419123,338656,343137,311117,252045,212634,175132,255330,177257,1077969,935308,786118,696350,941785,699838,23235,18569,3481,2855,18836,2876,220072,192833,211037,185762,194073,186916
36061,2019,New York City,1632326,1400239,1411271,416125,336973,341177,309469,251430,211875,175073,254676,177160,1077736,935939,787864,697905,942238,701488,23102,18382,3446,2837,18644,2858,222019,194488,213016,187451,195713,188588
36061,2020,New York City,1611989,1381874,1393144,412835,334016,338346,307592,249820,210540,174039,252929,176008,1060585,920838,773333,684951,927519,688791,22957,18159,3371,2775,18445,2804,220855,193057,211910,186093,194251,187195
36081,2010,New York City,2234574,1771846,1799784,615539,460563,469507,486316,370464,421980,324355,378308,331083,1149303,927078,635780,539645,939726,545079,35222,25068,10557,7050,25619,7219,563733,449236,550718,440233,456131,446896
36081,2011,New York City,2255261,1789628,1817330,623926,467518,476485,490774,376063,425169,328778,383758,335378,1151941,927599,631797,534745,940150,540000,35702,25440,10706,7212,25991,7402,576844,460526,563663,451375,467431,458065
36081,2012,New York City,2271920,1805082,1831957,630984,473530,482210,492311,379731,425511,331456,387114,337792,1153365,928616,628590,531114,940710,536165,36698,25671,10747,7321,26243,7518,589546,471064,576088,461661,477890,468272
36081,2013,New York City,2286788,1818603,1844533,636443,478560,487069,495174,384480,427345,335306,391440,341194,1153022,927344,624294,526086,939144,530984,36981,26007,10868,7506,26516,7690,601611,480772,587838,471145,487433,477596
36081,2014,New York City,2298234,1830015,1855315,639195,482103,490471,495556,386751,427168,336992,393398,342592,1151148,925786,620597,521969,937367,526754,37220,26351,11049,7695,26883,7881,614310,491127,600225,481256,497667,487617
36081,2015,New York City,2305252,1836219,1861050,640483,483775,491897,496237,388662,427122,338310,395217,343888,1145634,920650,614714,516046,931950,520707,37241,26586,11125,7800,27088,7981,626140,500321,611808,490288,506795,496577
36081,2016,New York City,2306249,1837736,1862333,639615,483848,491927,495311,389300,425948,338775,395691,344187,1137561,913505,607961,509218,924886,514027,37343,26795,11259,7954,27309,8150,636034,508136,621466,497941,514447,504042
36081,2017,New York City,2295226,1830826,1855605,636552,482555,490672,492965,388997,423112,338157,395360,343546,1124442,903375,598272,500702,914784,505534,37105,26831,11217,8004,27389,8201,640714,511623,626073,501408,518072,507652
36081,2018,New York City,2275286,1816864,1840890,632353,480314,488178,488907,387122,418638,336150,393146,341289,1108953,891147,587235,490858,902281,495523,36866,26878,11190,8085,27387,8270,640560,511717,625870,501457,518076,507630
36081,2019,New York City,2253942,1802437,1825849,627920,477434,485280,484972,384671,414516,333728,390410,338595,1093330,878909,575909,481168,889890,485751,36429,26622,11095,8102,27197,8298,639211,512235,624502,502005,518352,507925
36081,2020,New York City,2225821,1781804,1805124,621931,473437,481295,480319,380928,409621,329982,386429,334579,1074056,863635,562544,469635,874626,474225,36025,26417,10859,8022,26942,8209,635421,510824,620866,500728,517127,506816
36085,2010,New York City,469607,360495,367351,81403,54936,56428,56809,39274,46704,33003,40383,33899,371396,289742,304041,243553,294879,247488,3447,2256,929,666,2319,677,37955,29223,36530,28337,29770,28859
36085,2011,New York City,471014,362699,369334,81905,55625,57073,57523,39904,47300,33594,40989,34468,371453,290729,303753,243939,295656,247713,3446,2278,944,673,2350,684,38592,29788,37112,28868,30339,29396
36085,2012,New York City,470597,363516,370020,82334,56200,57602,57054,39742,46793,33383,40853,34277,371164,291258,303063,243957,296020,247616,3371,2239,935,665,2303,677,39008,30277,37472,29311,30844,29848
36085,2013,New York City,471783,365538,371926,83507,57313,58695,57585,40523,47020,33926,41551,34752,371361,292015,302449,243898,296734,247516,3397,2273,933,669,2339,684,39440,30727,37874,29732,31302,30279
36085,2014,New York City,471899,366793,373049,84286,58100,59478,57945,41078,47100,34315,42065,35105,370189,291810,300801,243098,296457,246633,3412,2304,941,680,2363,696,40353,31601,38771,30600,32164,31137
36085,2015,New York City,472301,367791,374096,85385,59109,60534,58152,41385,47087,34471,42414,35289,369318,291567,299139,242049,296194,245535,3482,2361,937,686,2417,704,41349,32478,39753,31476,33071,32034
36085,2016,New York City,474160,369547,375749,86571,60081,61575,58862,41958,47535,34863,42922,35610,368385,291056,297420,240838,295678,244255,3604,2430,953,702,2487,716,43309,34103,41681,33063,34662,33593
36085,2017,New York City,475819,371359,377703,87473,61148,62670,58944,42175,47385,34901,43171,35688,366590,290088,295023,239056,294773,242528,3624,2463,930,692,2544,707,46661,36633,45008,35562,37215,36110
36085,2018,New York City,476531,372415,378523,87899,61815,63205,58786,42279,46997,34841,43223,35574,363218,287890,291505,236423,292361,239800,3626,2511,924,688,2579,701,50901,39735,49206,38648,40360,39243
36085,2019,New York City,476141,372589,378745,87967,62219,63660,58735,42420,46861,34846,43338,35554,358917,284873,287321,233214,289394,236579,3730,2595,917,693,2652,703,54759,42701,53075,41617,43361,42249
36085,2020,New York City,475327,372362,378522,88753,63075,64482,58877,42636,46821,34892,43527,35594,354562,281819,282551,229603,286340,232978,3837,2670,922,703,2730,718,58051,45237,56280,44089,45925,44750
37021,2010,Buncombe,238743,189955,192810,14272,8927,9139,16719,11894,16212,11597,12183,11877,217440,174760,204334,166551,177257,168859,1389,1047,919,742,1068,754,3195,2254,3006,2138,2302,2181
37021,2011,Buncombe,241226,192531,195347,14716,9149,9347,16877,12094,16337,11785,12385,12068,219649,177030,206141,168615,179492,170899,1375,1036,913,737,1056,747,3325,2371,3119,2245,2414,2286
37021,2012,Buncombe,243761,195068,197861,14886,9209,9430,17195,12314,16618,12004,12614,12295,221603,179176,208005,170705,181600,172925,1412,1054,915,744,1069,754,3551,2524,3337,2406,2578,2457
37021,2013,Buncombe,246952,198291,201027,15349,9500,9715,17293,12474,16686,12148,12738,12406,224393,181988,210350,173224,184363,175404,1444,1078,961,785,1103,800,3822,2751,3606,2634,2823,2702
37021,2014,Buncombe,249265,200905,203532,15758,9711,9942,17543,12713,16872,12370,12977,12627,226301,184193,211972,175271,186476,177339,1462,1098,952,783,1114,795,3959,2901,3711,2770,2965,2829
37021,2015,Buncombe,252160,203656,206384,16051,9845,10094,17621,12851,16934,12514,13095,12751,228988,186711,214413,177647,189113,179818,1500,1111,972,795,1129,806,4051,2983,3790,2855,3047,2915
37021,2016,Buncombe,255222,206749,209625,16463,10150,10424,17764,12970,17017,12623,13233,12875,231847,189592,216929,180234,192125,182515,1497,1103,962,791,1124,803,4114,3084,3851,2951,3143,3008
37021,2017,Buncombe,257408,209066,211901,16848,10460,10769,17840,12986,17030,12619,13250,12872,233729,191672,218497,182023,194170,184236,1515,1130,983,823,1146,831,4324,3278,4050,3141,3335,3193
37021,2018,Buncombe,259726,211730,214605,17352,10917,11258,17897,13139,17086,12760,13391,13003,235842,194061,220152,183992,196605,186222,1547,1145,997,833,1167,843,4440,3385,4139,3228,3442,3279
37021,2019,Buncombe,262049,214455,217210,17956,11446,11765,18039,13311,17218,12925,13574,13180,237850,196438,221636,185890,198856,188016,1593,1181,1003,842,1204,849,4567,3525,4236,3352,3576,3400
37021,2020,Buncombe,263477,215992,218780,18364,11759,12080,17988,13332,17161,12943,13583,13184,239094,197744,222475,186889,200203,189047,1641,1224,1053,892,1238,898,4754,3692,4424,3509,3756,3571
37119,2010,Mecklenburg,923292,689477,701787,112400,72813,74470,298407,210925,287149,204042,216197,209126,569782,438427,474943,376437,444772,381413,7975,5473,3468,2650,5588,2695,47128,34652,45332,33535,35230,34083
37119,2011,Mecklenburg,944015,706279,718524,114866,74053,75694,307469,218650,295730,211558,223840,216561,578364,445396,481703,382340,451759,387341,8158,5544,3534,2698,5654,2746,50024,36689,48182,35630,37271,36182
37119,2012,Mecklenburg,967418,726008,738280,118524,76087,77789,317239,226929,304518,219495,231968,224335,588386,454279,489195,389446,460775,394549,8329,5545,3603,2738,5667,2786,53464,39255,51578,38242,39870,38821
37119,2013,Mecklenburg,991182,745626,757775,122045,78026,79793,328194,236053,314825,228367,240911,233028,597087,461880,495229,395363,468416,400433,8536,5612,3679,2796,5741,2841,57365,42081,55404,41074,42707,41680
37119,2014,Mecklenburg,1010878,762086,774767,125545,79979,81778,336559,243058,322448,235080,248218,240031,604305,468475,500014,400356,475250,405629,8829,5778,3735,2844,5881,2879,61185,44775,59136,43827,45418,44450
37119,2015,Mecklenburg,1034049,781700,794820,130688,83019,85124,345740,251025,330913,242777,256318,247826,614663,477700,506290,406816,484702,412094,9177,5891,3816,2903,6043,2953,64469,47084,62342,46185,47757,46823
37119,2016,Mecklenburg,1058056,802604,816099,136462,86655,88851,355004,259277,339212,250627,264751,255837,625419,487423,512621,413468,494614,418834,9567,6131,3885,2966,6263,3017,68066,49773,65876,48888,50471,49560
37119,2017,Mecklenburg,1079656,821898,835899,141915,90323,92716,363712,267231,347027,258105,272894,263504,634128,495821,517201,418825,503253,424261,9874,6300,3905,2996,6454,3049,71942,52546,69608,51649,53298,52369
37119,2018,Mecklenburg,1095911,837728,851996,147156,94154,96717,370899,274242,353358,264676,279784,269961,640803,502927,519762,422667,510719,428298,10089,6491,3936,3054,6647,3108,74120,54068,71699,53177,54846,53912
37119,2019,Mecklenburg,1113283,854692,868578,151922,97588,100220,377959,280943,359502,270935,286235,275970,648596,511122,524122,428106,518715,433482,10415,6714,3933,3078,6878,3133,76313,55913,73804,54985,56750,55773
37119,2020,Mecklenburg,1128945,870259,884216,156095,101004,103668,383886,286797,364936,276462,291953,281327,655539,518272,527609,432387,526063,437956,10621,6861,3881,3040,7025,3092,78899,58329,76424,57366,59175,58173
39095,2010,Lucas,441447,335743,342229,27101,15955,16498,90817,61595,87710,60180,63402,61917,340456,266503,317755,252789,271055,256891,2298,1651,1360,1048,1692,1072,7876,5994,7521,5771,6080,5851
39095,2011,Lucas,439409,335554,341859,27762,16483,17035,91003,62155,87803,60705,63900,62380,338086,265611,314861,251435,270039,255407,2313,1683,1347,1051,1724,1072,8007,6105,7636,5880,6196,5965
39095,2012,Lucas,436846,334599,340639,28182,16892,17439,90988,62565,87685,61055,64169,62593,335499,264232,311962,249727,268519,253561,2269,1650,1313,1018,1688,1038,8090,6152,7704,5907,6263,6008
39095,2013,Lucas,436269,334716,340490,28826,17439,17984,91416,62950,88005,61383,64530,62895,334132,263664,310072,248687,267698,252272,2309,1706,1328,1047,1745,1067,8412,6396,8038,6160,6517,6272
39095,2014,Lucas,434736,333744,339267,29302,17851,18351,91790,63209,88336,61614,64677,63015,332104,262333,307630,246982,266233,250478,2302,1721,1339,1066,1761,1084,8540,6481,8129,6231,6596,6339
39095,2015,Lucas,433826,333025,338742,29946,18221,18770,92541,63637,88927,61984,65135,63401,330384,261154,305462,245513,265212,249126,2309,1735,1313,1052,1769,1067,8592,6499,8178,6255,6626,6378
39095,2016,Lucas,433113,332902,338447,30455,18725,19282,93309,64296,89641,62594,65756,63972,328859,260293,303503,244231,264247,247735,2348,1777,1313,1054,1803,1062,8597,6536,8201,6298,6641,6396
39095,2017,Lucas,431312,331590,337277,31128,19202,19799,93556,64307,89763,62544,65792,63953,326760,258933,300894,242476,262985,246032,2354,1779,1313,1059,1811,1070,8642,6571,8214,6309,6689,6423
39095,2018,Lucas,429990,331255,336787,31713,19744,20314,94371,64856,90417,63006,66368,64429,324598,258019,298337,241126,261897,244550,2377,1804,1307,1060,1840,1074,8644,6576,8216,6319,6682,6420
39095,2019,Lucas,428888,330441,335859,32266,20235,20801,94542,64923,90479,62987,66408,64383,323272,257101,296598,239822,260883,243146,2391,1809,1306,1056,1836,1072,8683,6608,8239,6341,6732,6457
39095,2020,Lucas,428294,330365,335759,32843,20783,21363,95090,65447,90884,63400,66897,64761,322077,256444,295025,238766,260216,242068,2433,1842,1326,1070,1874,1088,8694,6632,8216,6346,6772,6479
41051,2010,Multnomah,737320,586410,594318,80365,50086,51411,50354,34290,46363,31935,35209,32782,614449,497927,546601,455417,503934,460311,13917,9688,7301,5676,9897,5768,58600,44505,56690,43296,45278,44046
41051,2011,Multnomah,749926,597680,605470,81834,51545,52883,51125,35070,46948,32573,35947,33371,623404,505924,554213,462086,511764,466813,13875,9731,7332,5734,9928,5817,61522,46955,59599,45742,47831,46586
41051,2012,Multnomah,760505,607564,615365,82981,52825,54188,51910,35808,47835,33340,36695,34121,630917,512823,560484,467765,518688,472511,13964,9889,7431,5844,10085,5937,63714,49044,61774,47790,49897,48608
41051,2013,Multnomah,766977,614045,621779,84530,54256,55657,52343,36177,48200,33624,37004,34372,635450,517316,563590,470982,523164,475669,14021,10015,7471,5943,10241,6045,65163,50537,63186,49240,51370,50036
41051,2014,Multnomah,779002,624463,632334,86424,55947,57416,53839,37231,49624,34592,38061,35338,643174,524224,569651,476411,530195,481159,14139,10171,7487,6011,10392,6106,67850,52837,65816,51502,53686,52315
41051,2015,Multnomah,790723,635477,643199,88561,58159,59619,54971,38070,50657,35310,38968,36120,651427,532063,575945,482290,537840,486843,14297,10380,7583,6114,10565,6185,70028,54964,67977,53604,55826,54432
41051,2016,Multnomah,803630,648309,656229,91344,60971,62521,56232,39189,51798,36304,40092,37118,659698,540631,581767,488349,546536,492956,14416,10486,7604,6129,10695,6211,73284,58003,71117,56556,58906,57423
41051,2017,Multnomah,808192,654459,662685,93618,63293,64949,56948,40022,52433,37042,40946,37880,661400,543648,581404,489312,549701,493962,14452,10622,7585,6160,10846,6239,75392,60167,73152,58652,61192,59655
41051,2018,Multnomah,809448,658122,666280,95125,65258,66890,57645,40795,53101,37759,41645,38528,660709,544921,579408,488842,551005,493542,14518,10743,7535,6155,10958,6239,76576,61663,74279,60108,62672,61081
41051,2019,Multnomah,812439,663407,671247,97513,67785,69406,58405,41727,53701,38556,42553,39297,661839,547965,578664,489763,553889,494297,14670,10905,7470,6129,11100,6204,77525,62810,75091,61174,63705,62043
41051,2020,Multnomah,815637,668469,676524,99563,70147,71877,58851,42377,54029,39098,43222,39858,663409,550984,578373,490620,556973,495173,14758,10997,7488,6147,11243,6217,78619,64111,76184,62457,65086,63399
42003,2010,Allegheny,1223973,982852,998294,19200,13234,13520,170750,120528,167832,118788,123834,122045,1013881,831626,998431,820677,843381,832206,2360,1755,1882,1452,1789,1479,36982,28943,36628,28701,29290,29044
42003,2011,Allegheny,1228437,988901,1003988,20247,13995,14253,171493,121796,168540,120047,124982,123190,1015191,834756,998828,823099,846209,834351,2425,1794,1877,1465,1830,1492,39328,30555,38945,30295,30967,30702
42003,2012,Allegheny,1231129,993387,1008051,21264,14736,15012,172313,123036,169272,121265,126026,124207,1014940,836506,997690,824155,847701,835137,2440,1816,1886,1480,1846,1500,41436,32029,41017,31751,32478,32195
42003,2013,Allegheny,1233999,997699,1011834,22267,15500,15815,173478,124365,170338,122532,127223,125337,1014306,837826,996186,824781,848600,835313,2459,1802,1907,1481,1837,1502,43756,33706,43301,33405,34174,33867
42003,2014,Allegheny,1233417,998680,1012557,23236,16231,16542,173648,124843,170400,122938,127637,125673,1011426,836804,992493,823144,847346,833454,2461,1818,1895,1481,1850,1503,45882,35215,45393,34886,35724,35385
42003,2015,Allegheny,1229342,996265,1010044,24153,16942,17246,173726,125163,170367,123178,127983,125943,1006067,833125,986366,818861,843509,829007,2527,1876,1939,1527,1902,1547,47022,36101,46517,35757,36650,36301
42003,2016,Allegheny,1226893,995373,1008933,24862,17500,17851,174112,125784,170712,123776,128499,126424,1001534,830289,981214,815501,840534,825482,2529,1865,1921,1505,1902,1526,48718,37435,48184,37091,37998,37650
42003,2017,Allegheny,1220423,990694,1004508,25673,18169,18487,173252,124942,169734,122872,127770,125644,994223,825290,973311,809956,835644,820060,2562,1902,1903,1508,1940,1536,50386,38560,49802,38189,39154,38781
42003,2018,Allegheny,1217508,989814,1003094,26665,18926,19302,173713,125540,170031,123387,128217,125989,989302,822602,967597,806606,832527,816249,2466,1832,1823,1450,1865,1472,52027,39840,51392,39445,40485,40082
42003,2019,Allegheny,1215716,988918,1001713,27601,19706,20074,173833,125923,170061,123691,128509,126210,985626,819912,963094,803241,829475,812531,2454,1848,1812,1453,1883,1475,53803,41235,53148,40827,41846,41423
42003,2020,Allegheny,1211358,985716,998520,28237,20301,20686,173833,126378,169970,124063,128948,126558,979939,815278,956944,798184,824855,807475,2517,1905,1830,1476,1943,1498,55069,42155,54377,41692,42774,42303
42101,2010,Philadelphia,1528303,1184519,1205668,189175,125129,128586,700359,505947,660488,482124,518406,493797,707679,585068,572771,492949,592218,497714,15144,10267,5068,3861,10550,3939,105121,83237,100801,80456,84494,81632
42101,2011,Philadelphia,1540615,1195847,1216275,196212,129916,133408,706802,512527,664373,487642,524375,498717,709491,586664,570572,491097,593654,495640,15401,10483,5076,3902,10757,3970,108921,86173,104382,83290,87489,84540
42101,2012,Philadelphia,1552087,1206751,1226382,203317,134986,138431,711891,517961,667002,492031,529164,502470,712681,589579,569601,490275,596417,494689,15630,10703,5041,3872,10945,3936,111885,88508,107126,85587,89856,86856
42101,2013,Philadelphia,1558713,1213550,1232067,209085,138825,142253,715127,521854,668132,495131,532200,504718,712307,589593,566141,487485,596134,491642,16053,10957,5099,3919,11232,3988,115226,91146,110256,88190,92501,89466
42101,2014,Philadelphia,1565949,1219269,1237470,215761,143426,146874,717407,524251,668479,496648,534459,506044,713860,590292,563446,484633,596692,488653,16352,11114,5114,3920,11360,3983,118330,93612,113149,90642,94959,91916
42101,2015,Philadelphia,1571679,1223773,1241670,221534,147542,150990,719402,526512,668911,498085,536564,507296,714518,590257,560543,481639,596573,485602,16742,11380,5103,3899,11624,3954,121017,95624,115588,92608,96909,93828
42101,2016,Philadelphia,1576604,1229409,1247391,227128,151598,155112,719726,528178,667536,498717,538211,507884,716198,591785,558816,480359,598182,484375,16965,11535,5098,3906,11801,3980,123715,97911,118026,94829,99197,96040
42101,2017,Philadelphia,1581699,1235333,1253410,233437,155915,159573,719464,529273,665220,498665,539381,507882,718314,594123,557119,479679,600444,483517,17243,11734,5075,3919,12009,3977,126678,100203,120848,97155,101576,98461
42101,2018,Philadelphia,1586422,1241442,1258966,240764,161152,164821,719363,530921,663015,499055,540623,507867,720078,596050,554382,477930,602194,481571,17605,11979,5026,3889,12259,3955,129376,102492,123235,99416,103890,100752
42101,2019,Philadelphia,1584439,1242369,1259139,243381,163366,166987,716313,530536,659129,497991,539753,506296,719505,596004,552449,476518,601938,480050,17767,12093,4963,3878,12388,3941,130854,103736,124517,100616,105060,101865
42101,2020,Philadelphia,1578487,1239735,1256731,245847,165607,169381,710906,528426,653256,495291,537814,503722,717878,594433,549082,473498,600351,476897,17941,12231,4891,3869,12518,3931,131762,104645,125411,101470,106048,102800
45019,2010,Charleston,350998,278309,282210,18789,12965,13155,106942,78300,105297,77253,80055,78983,236465,194129,220530,183039,196196,184953,1796,1328,962,755,1344,764,5795,4552,5420,4297,4615,4355
45019,2011,Charleston,357461,283882,287700,18484,12525,12719,108128,79647,106471,78642,81235,80203,241447,198129,225854,187435,200279,189427,1804,1318,947,757,1334,766,6082,4788,5705,4523,4852,4585
45019,2012,Charleston,364913,290601,294233,18518,12434,12624,109434,81027,107666,79959,82438,81346,247307,203212,231761,192635,205357,194626,1813,1326,983,791,1347,804,6359,5036,5985,4782,5091,4833
45019,2013,Charleston,372065,296751,300384,18456,12373,12569,110663,82244,108919,81167,83616,82523,253030,208010,237478,197458,210192,199475,1790,1315,1003,816,1339,828,6582,5182,6209,4937,5237,4989
45019,2014,Charleston,380239,303631,307318,18911,12599,12826,111348,82978,109582,81906,84389,83292,260123,213814,244095,202991,216024,205006,1750,1287,1007,820,1301,830,7018,5552,6644,5315,5604,5364
45019,2015,Charleston,389885,311700,315511,19457,12849,13082,111869,83572,110051,82487,84924,83815,268800,220930,252281,209846,223305,212026,1821,1332,1072,886,1355,899,7395,5866,7024,5632,5927,5689
45019,2016,Charleston,397433,318240,322177,20006,13206,13465,112369,84221,110516,83129,85612,84490,275480,226535,258439,215091,229002,217341,1806,1315,1055,876,1336,889,7778,6169,7417,5938,6227,5992
45019,2017,Charleston,402725,323003,327043,20580,13610,13883,112104,84398,110144,83246,85859,84679,280652,230810,263197,219034,233299,221289,1836,1345,1064,897,1359,906,8133,6450,7740,6216,6526,6286
45019,2018,Charleston,406959,327072,331097,20869,13801,14060,111442,84213,109478,83083,85593,84439,285204,234725,267461,222737,237250,225046,1850,1357,1082,916,1379,924,8463,6777,8069,6535,6875,6628
45019,2019,Charleston,412615,332363,336450,21831,14456,14782,111149,84331,109104,83180,85722,84541,290654,239445,272036,226814,242020,229111,1855,1354,1072,915,1378,927,8957,7233,8572,6998,7330,7089
45019,2020,Charleston,417981,337511,341567,22395,14859,15186,110379,84241,108271,83026,85534,84289,296448,244338,277339,231376,246986,233744,1919,1400,1118,960,1424,969,9235,7532,8858,7290,7623,7379
46099,2010,Minnehaha,169964,127185,129483,7031,4088,4223,7628,4172,7436,4064,4324,4215,154412,117971,148363,114380,119987,116275,4880,3036,4307,2779,3118,2852,3044,2006,2827,1874,2054,1918
46099,2011,Minnehaha,171482,128353,130699,7306,4267,4398,7781,4321,7594,4216,4467,4358,155561,118918,149273,115140,120975,117079,5027,3058,4415,2809,3140,2886,3113,2056,2894,1921,2117,1978
46099,2012,Minnehaha,174825,130942,133231,7712,4527,4669,8658,4878,8471,4767,5031,4916,157428,120644,150850,116598,122610,118441,5226,3064,4496,2824,3147,2897,3513,2356,3296,2226,2443,2308
46099,2013,Minnehaha,178062,133396,135695,8074,4671,4811,9165,5236,8963,5115,5394,5270,159761,122567,152960,118378,124547,120234,5442,3085,4593,2862,3183,2952,3694,2508,3472,2370,2571,2428
46099,2014,Minnehaha,180925,135450,137719,8520,4863,4995,9758,5544,9547,5427,5700,5580,161651,124123,154533,119738,126058,121561,5579,3104,4614,2877,3199,2962,3937,2679,3711,2545,2762,2621
46099,2015,Minnehaha,183563,137225,139462,8666,4967,5118,10515,5933,10287,5813,6095,5971,163250,125311,155977,120828,127200,122584,5622,3125,4689,2900,3227,2993,4176,2856,3944,2717,2940,2796
46099,2016,Minnehaha,186562,139257,141600,9155,5295,5442,11762,6735,11533,6613,6907,6784,164522,126170,156863,121389,128147,123234,5715,3173,4697,2934,3279,3028,4563,3179,4314,3026,3267,3112
46099,2017,Minnehaha,189786,141665,144142,9827,5709,5885,12770,7380,12530,7257,7559,7431,166264,127591,158048,122436,129669,124356,5886,3235,4766,2970,3343,3069,4866,3459,4615,3293,3571,3401
46099,2018,Minnehaha,191250,142880,145291,10035,5868,6030,13192,7621,12950,7496,7813,7684,167227,128490,158839,123169,130510,125052,6001,3274,4843,3017,3384,3108,4830,3495,4583,3330,3584,3417
46099,2019,Minnehaha,194153,145212,147584,10319,6127,6301,13827,8055,13567,7913,8251,8108,169311,130178,160602,124617,132162,126446,6080,3355,4989,3103,3459,3193,4935,3624,4676,3452,3712,3536
46099,2020,Minnehaha,196659,147109,149593,10625,6345,6561,14428,8478,14157,8338,8685,8543,170962,131358,161969,125595,133431,127484,6183,3482,5086,3220,3596,3309,5086,3791,4822,3611,3881,3696
46103,2010,Pennington,101253,76405,77761,4131,2269,2342,1636,982,1531,932,1008,958,87077,67743,84290,66120,68832,67163,11178,6659,9990,6097,6879,6291,1362,1021,1311,987,1042,1007
46103,2011,Pennington,102443,77428,78733,4324,2358,2441,1793,1095,1682,1043,1124,1072,88079,68650,85191,66934,69720,67947,11192,6641,9917,6082,6831,6247,1379,1042,1329,1011,1058,1026
46103,2012,Pennington,104291,79068,80419,4715,2608,2697,2091,1373,1951,1302,1411,1338,89174,69827,86022,67890,70925,68929,11576,6771,10210,6208,6971,6380,1450,1097,1393,1060,1112,1075
46103,2013,Pennington,106003,80578,81880,4862,2691,2757,2142,1412,1993,1331,1443,1358,90598,71176,87410,69191,72207,70186,11776,6872,10320,6292,7099,6493,1487,1118,1418,1073,1131,1086
46103,2014,Pennington,107613,81903,83243,5141,2836,2914,2128,1371,1963,1275,1402,1305,91938,72360,88568,70257,73447,71289,12007,7011,10470,6420,7218,6605,1540,1161,1471,1115,1176,1130
46103,2015,Pennington,108212,82614,83945,5229,2811,2890,2061,1293,1886,1205,1325,1235,92356,73014,89035,70955,74077,71965,12241,7119,10580,6504,7341,6702,1554,1188,1482,1139,1202,1153
46103,2016,Pennington,109240,83559,84935,5496,2921,3025,2207,1370,2032,1279,1400,1307,93037,73820,89518,71642,74924,72671,12369,7112,10648,6514,7335,6710,1627,1257,1546,1203,1276,1222
46103,2017,Pennington,110686,84848,86238,5830,3115,3208,2275,1413,2095,1324,1443,1354,94215,74936,90425,72579,76044,73616,12453,7160,10689,6558,7391,6767,1743,1339,1647,1272,1360,1293
46103,2018,Pennington,112260,86357,87718,6108,3244,3354,2349,1493,2172,1410,1524,1440,95400,76173,91499,73739,77245,74738,12726,7290,10807,6646,7528,6849,1785,1401,1674,1318,1421,1337
46103,2019,Pennington,114407,88284,89675,6335,3436,3524,2375,1498,2203,1412,1530,1443,97179,77838,93068,75223,78905,76230,12950,7462,11022,6821,7721,7053,1903,1486,1779,1392,1519,1425
46103,2020,Pennington,115926,89782,91175,6512,3555,3670,2447,1551,2254,1450,1587,1484,98644,79159,94372,76454,80253,77468,12860,7524,10946,6877,7768,7092,1975,1548,1842,1446,1567,1461
47157,2010,Shelby,928475,684267,699152,51958,32953,33675,492809,344720,488150,341948,354211,351359,407689,319424,363193,290950,324455,295379,3848,2677,2190,1646,2745,1685,24129,17446,22984,16770,17741,17054
47157,2011,Shelby,933321,690320,704901,53183,33044,33786,498385,350959,493467,348240,360134,357342,406386,318777,360945,290119,323861,294569,3830,2670,2112,1616,2729,1647,24720,17914,23614,17301,18177,17557
47157,2012,Shelby,939421,697189,711362,54453,33353,34128,504735,357617,499642,354912,366363,363581,405518,318571,359095,289584,323657,294004,3900,2659,2068,1593,2716,1627,25268,18342,24163,17747,18626,18022
47157,2013,Shelby,938713,697632,711243,54747,32859,33621,507221,360694,502027,358077,369028,366342,401908,315691,355318,287046,320619,291318,3807,2560,1992,1529,2610,1558,25777,18687,24629,18121,18986,18404
47157,2014,Shelby,937949,698164,711624,55459,32777,33603,509309,363478,503990,360908,371744,369107,398603,313168,351464,284473,317991,288580,3734,2487,1942,1503,2549,1536,26303,19031,25094,18503,19340,18798
47157,2015,Shelby,937598,699213,712691,56608,33005,33804,511330,366409,505887,363860,374711,372094,395586,310833,347539,281856,315609,285925,3786,2454,1889,1468,2491,1490,26896,19517,25675,19024,19880,19378
47157,2016,Shelby,936716,700200,713375,57653,33097,33947,512766,369189,507319,366727,377287,374754,392948,308789,343911,279552,313475,283487,3747,2376,1867,1455,2420,1477,27255,19846,25966,19369,20193,19710
47157,2017,Shelby,936012,700926,714287,58825,33466,34432,513402,371038,507816,368615,379151,376651,391151,307272,341030,277495,312095,281473,3703,2259,1845,1431,2318,1454,27756,20357,26496,19919,20723,20277
47157,2018,Shelby,937239,703209,715961,60509,34289,35288,515073,373856,509460,371408,381530,378996,389795,305949,338111,275358,310599,279121,3826,2266,1827,1414,2311,1440,28545,21138,27332,20740,21521,21116
47157,2019,Shelby,937070,704197,716519,61592,34882,35904,516088,375774,510372,373278,383148,380564,388200,304548,335492,273377,309105,277035,3797,2251,1815,1421,2305,1449,28985,21624,27799,21239,21961,21567
47157,2020,Shelby,936017,703648,716104,62757,35545,36714,516804,377030,510946,374477,384335,381682,386229,302488,332450,270681,307209,274377,3756,2255,1802,1441,2300,1457,29228,21875,28062,21504,22260,21874
48201,2010,Harris,4107542,2957847,3020354,1681054,1089800,1118890,813243,575552,770235,550687,589707,564066,2963681,2134250,1380949,1104202,2178166,1120790,51278,34220,10193,7781,35109,7938,279340,213825,265111,205377,217372,208670
48201,2011,Harris,4179279,3019339,3081459,1721124,1121158,1150594,829061,590019,784545,564308,603847,577318,3008850,2172150,1388271,1112461,2215956,1128669,51674,34966,10259,7900,35873,8042,289694,222204,275080,213512,225783,216836
48201,2012,Harris,4262549,3089334,3151019,1762491,1154540,1184144,848184,606590,801779,579635,619999,592175,3059474,2214620,1400412,1123650,2258333,1139677,52398,35781,10446,8071,36699,8206,302493,232343,287421,223438,235988,226817
48201,2013,Harris,4352419,3161258,3223151,1807949,1190047,1219954,867257,622057,818977,593869,635182,606170,3114400,2258385,1412805,1134139,2302396,1150087,53378,36810,10762,8343,37712,8475,317384,244006,301926,234860,247861,238465
48201,2014,Harris,4454951,3241558,3304870,1856313,1226944,1257871,890892,640196,840270,610745,653607,623312,3175975,2306284,1429370,1147352,2351234,1163243,54159,37739,10975,8555,38628,8681,333925,257339,318023,247962,261401,251763
48201,2015,Harris,4556559,3320630,3385264,1910158,1268068,1300262,915224,659163,862136,628181,672945,641025,3236901,2353298,1440124,1155808,2399192,1171505,55088,38686,11159,8705,39602,8837,349346,269483,332982,259868,273525,263635
48201,2016,Harris,4622836,3372957,3438302,1955219,1303137,1336352,932623,673499,877548,641275,687351,654202,3275100,2382671,1436170,1152164,2429256,1167538,55653,39372,11128,8716,40291,8848,359460,277415,342771,267665,281404,271362
48201,2017,Harris,4655798,3402669,3470848,1988166,1332177,1367349,944710,683483,888003,650198,697616,663310,3290215,2397472,1420589,1139750,2446200,1155443,56016,40042,11123,8768,40990,8899,364857,281672,347917,271776,286042,275847
48201,2018,Harris,4676913,3427971,3495133,2015120,1360137,1395159,956982,693741,898525,659306,707546,672109,3295880,2409012,1401671,1125288,2456864,1140212,56327,40696,11072,8749,41616,8887,367724,284522,350525,274491,289107,278766
48201,2019,Harris,4709243,3461436,3528180,2047487,1390205,1425530,967740,703193,907406,667676,717037,680468,3312270,2428017,1388818,1116123,2475733,1130680,57055,41207,10972,8691,42135,8823,372178,289019,354560,278741,293275,282679
48201,2020,Harris,4738253,3493243,3561038,2077130,1419726,1455681,979284,713467,917229,676676,727136,689255,3326152,2446106,1376122,1106768,2494817,1121790,58019,41821,10966,8713,42801,8843,374798,291849,356806,281360,296284,285469
53063,2010,Spokane,472102,362610,369071,21492,13228,13633,12057,7460,11205,7032,7691,7247,436112,338321,417937,326902,344150,332399,9394,6359,7637,5383,6537,5520,14539,10470,13831,10065,10693,10272
53063,2011,Spokane,473516,364667,370999,22292,13794,14195,12339,7661,11444,7221,7903,7443,436893,339849,418059,327911,345514,333249,9537,6457,7696,5452,6638,5593,14747,10700,14025,10289,10944,10519
53063,2012,Spokane,475605,367427,373638,23234,14556,14971,12559,7832,11671,7392,8086,7628,438515,342121,418839,329474,347703,334703,9686,6577,7745,5536,6728,5655,14845,10897,14116,10469,11121,10681
53063,2013,Spokane,478553,370210,376279,24071,15248,15650,12857,8107,11893,7620,8345,7845,440691,344291,420413,331047,349764,336185,9913,6694,7815,5604,6857,5728,15092,11118,14361,10691,11313,10871
53063,2014,Spokane,483148,374452,380550,25206,16090,16521,13278,8395,12276,7895,8647,8126,444155,347650,422932,333651,353093,338744,10035,6809,7801,5656,6995,5799,15680,11598,14933,11160,11815,11360
53063,2015,Spokane,488970,379369,385487,26380,16932,17349,13688,8700,12629,8164,8965,8413,448692,351518,426437,336791,356954,341877,10268,7065,7965,5851,7247,5999,16322,12086,15559,11631,12321,11849
53063,2016,Spokane,497163,386108,392347,27748,17947,18386,14301,9196,13185,8624,9443,8854,455515,357168,432077,341555,362737,346770,10390,7210,8010,5939,7404,6080,16957,12534,16143,12043,12763,12257
53063,2017,Spokane,505708,393211,399655,29355,19120,19647,14827,9591,13645,8989,9848,9223,462585,363178,437785,346515,368919,351812,10641,7382,8130,6053,7561,6190,17655,13060,16793,12534,13327,12783
53063,2018,Spokane,513502,400096,406516,30762,20286,20782,15378,10008,14119,9364,10288,9618,468933,368950,443031,351287,374646,356567,10996,7643,8291,6211,7817,6345,18195,13495,17299,12948,13765,13204
53063,2019,Spokane,522231,407723,414010,32373,21553,22026,15879,10452,14571,9758,10706,9992,476234,375419,449009,356669,380991,361847,11359,7900,8484,6377,8068,6500,18759,13952,17794,13366,14245,13645
53063,2020,Spokane,528225,413159,419609,33610,22576,23097,16601,10949,15196,10193,11229,10451,480745,379719,452476,360106,385420,365371,11544,8046,8614,6463,8232,6603,19335,14445,18329,13821,14728,14087
55079,2010,Milwaukee,948289,711985,725345,126590,77399,79650,267808,174313,257741,169129,179852,174465,633931,506050,522829,436936,513036,441994,10619,7080,6574,4777,7296,4905,35931,24542,34555,23744,25161,24331
55079,2011,Milwaukee,951376,715553,728708,128881,79021,81267,269686,176958,259489,171630,182363,176835,633850,505889,520702,435329,512821,440321,10831,7212,6632,4872,7393,4978,37009,25494,35672,24701,26131,25307
55079,2012,Milwaukee,954672,719085,731861,131765,80933,83230,270837,178902,260433,173415,184110,178414,634138,506122,518521,433819,512921,438629,11090,7317,6670,4939,7476,5026,38607,26744,37283,25979,27354,26562
55079,2013,Milwaukee,957557,722706,734925,134373,82772,85057,271619,180568,260978,174955,185392,179578,634176,506622,516385,432617,513242,437260,11305,7376,6665,4982,7543,5065,40457,28140,39156,27380,28748,27965
55079,2014,Milwaukee,958639,724286,736512,136518,84423,86750,272755,181944,261954,176225,186782,180871,632499,505783,512829,430216,512386,434779,11417,7393,6675,4998,7555,5090,41968,29166,40663,28424,29789,29022
55079,2015,Milwaukee,958606,725167,737247,138819,86095,88482,272890,182599,261915,176764,187424,181392,630397,504660,508772,427550,511136,431935,11567,7431,6647,5004,7616,5104,43752,30477,42453,29754,31071,30334
55079,2016,Milwaukee,955121,723691,735940,141211,87985,90546,272150,182904,261018,176966,187685,181519,626078,501716,502359,422839,508354,427257,11656,7480,6614,5037,7680,5149,45237,31591,43919,30864,32221,31469
55079,2017,Milwaukee,950843,721506,733900,143454,89916,92560,271601,183098,260353,177066,187932,181664,620821,498284,495146,417622,504973,422028,11759,7558,6595,5075,7746,5173,46662,32566,45295,31827,33249,32475
55079,2018,Milwaukee,947908,720294,732444,147396,93005,95759,271069,183229,259534,176995,187770,181333,617569,496391,488473,412908,503111,417207,11817,7524,6452,4994,7739,5104,47453,33150,46053,32392,33824,33041
55079,2019,Milwaukee,947011,721140,733059,148963,94856,97737,270977,183780,259258,177410,188302,181673,615250,495433,484851,410314,502000,414362,11867,7613,6445,5032,7775,5114,48917,34314,47494,33528,34982,34173
55079,2020,Milwaukee,945016,720958,732575,150736,97014,99790,270059,184139,258208,177593,188437,181655,613064,493921,481126,406884,500423,410966,11948,7673,6421,5020,7861,5118,49945,35225,48525,34447,35854,35046
